Workbook

Sheet Dashboard
A1: AB-100 Prep Dashboard
A2: V11 audited for Microsoft-aligned truthfulness, practicality, relevance, and portfolio value.
A4: Total Tasks | B4: =COUNTA('Execution Board'!A2:A200) | D4: Critical Links
A5: Completed Tasks | B5: =COUNTIF('Execution Board'!E2:E200,"Completed") | D5: AB-100 certification page | E5: https://learn.microsoft.com/en-us/credentials/certifications/agentic-ai-business-solutions-architect/
A6: In Progress | B6: =COUNTIF('Execution Board'!E2:E200,"In Progress") | D6: AB-100 study guide | E6: https://learn.microsoft.com/en-us/credentials/certifications/resources/study-guides/ab-100
A7: Blocked | B7: =COUNTIF('Execution Board'!E2:E200,"Blocked") | D7: AB-100T00 course | E7: https://learn.microsoft.com/en-us/training/courses/ab-100t00
A8: Task Completion % | B8: =IF(B4=0,0,B5/B4) | D8: Microsoft Foundry docs | E8: https://learn.microsoft.com/en-us/azure/foundry/
A9: Weeks Completed | B9: =COUNTIF('90-Day Study Plan'!H2:H50,"Completed") | D9: Copilot Studio docs | E9: https://learn.microsoft.com/en-us/microsoft-copilot-studio/
A10: Average Readiness | B10: =IFERROR(AVERAGE('90-Day Study Plan'!K2:K50),0)
A11: Study Hours | B11: =SUM('90-Day Study Plan'!J2:J50) | D11: Practical readiness rule | E11: Avg readiness threshold reduced to 3.5/5 so the rule is usable during final revision.
A12: Open Domain Gaps | B12: =COUNTIF('AB-100 Domain Map'!G2:G100,"Open")
A13: Exam Booking Recommendation | B13: =IF(AND(B8>=70%,B9>=8,B10>=3.5,B11>=70,B12<=2),"Ready to book","Keep studying")

Sheet Microsoft Audit
A1: Dimension | B1: Audit Finding | C1: Revision Applied | D1: Panel Verdict
A2: Truthfulness | B2: AB-100 role profile, prerequisites, MCP/A2A mention, and Microsoft Foundry naming were directionally correct, but some notes needed precision. | C2: Added explicit notes that the study guide may require sign-in, AB-100T00 is context not direct exam prep, Foundry naming is current, and MCP/A2A are open standards not Microsoft-owned. | D2: Improved
A3: Practicality | B3: The workbook was strong as a tracker but slightly strict on the readiness threshold and thin on operating model/evaluation. | C3: Adjusted average readiness threshold to 3.5, added evaluation, operating model, architecture artifacts, and content backlog work. | D3: Improved
A4: Relevance | B4: The workbook already covered core AB-100 plan/design/deploy themes, but business-app and operations coverage needed reinforcement. | C4: Kept Business Apps Coverage, ROI, ALM, telemetry, and added evaluation/support model emphasis in the plan. | D4: Strong
A5: Value | B5: The workbook had high study and interview value, but could better convert work into portfolio proof and interview artifacts. | C5: Added Architecture Artifacts Pack and Thought Leadership Topics backlog, and flagged top interview projects. | D5: High
A7: Most Important Expert Guidance | B7: Do not optimize the workbook forever. Execute Week 1 and ship artifacts to GitHub.

Sheet Labs + Videos by Access
A1: Priority | B1: Provider | C1: Resource | D1: Format | E1: Why It Is Worth Your Time | F1: Best Use | G1: Exact URL
A2: High | B2: Microsoft Learn | C2: AB-100 study guide | D2: Study guide | E2: Best source for exact exam scope and skills measured | F2: Read first and revisit weekly | G2: https://learn.microsoft.com/en-us/credentials/certifications/resources/study-guides/ab-100
A3: High | B3: Microsoft Learn | C3: AB-100T00: Architecting agentic AI business solutions | D3: Course | E3: Best architecture-context resource for AB-100 even though it is not pure test prep | F3: Use for architecture reasoning and business-solution design thinking | G3: https://learn.microsoft.com/en-us/training/courses/ab-100t00
A4: High | B4: Microsoft Learn | C4: Applied Skills: Develop generative AI apps with Azure OpenAI and Semantic Kernel | D4: Hands-on lab | E4: Best official practical lab for Azure agent-building | F4: Complete by Week 4 or 5 | G4: https://learn.microsoft.com/en-us/credentials/applied-skills/develop-ai-agents-using-microsoft-azure-openai-and-semantic-kernel/
A5: High | B5: QA | C5: Orchestrate Agents with Microsoft Foundry Workflows | D5: Lab | E5: Very relevant because it is hands-on and covers multi-agent workflows plus MCP integration | F5: Use in Week 5 for orchestration practice | G5: https://platform.qa.com/lab/orchestrate-agents-with-microsoft-foundry-workflows/
A6: Low | B6: LinkedIn Learning | C6: Building Agents Using the Azure AI Foundry Agent Service | D6: Video course | E6: Skip in favor of the Level Up course | F6: Use after Foundry basics and before capstone | G6: https://www.linkedin.com/learning/building-agents-using-the-azure-ai-foundry-agent-service
A7: Low | B7: LinkedIn Learning | C7: Azure AI for Developers: Building AI Agents | D7: Video course | E7: Skip in favor of the Level Up course | F7: Use early for fast conceptual grounding | G7: https://www.linkedin.com/learning/azure-ai-for-developers-building-ai-agents
A8: Low | B8: LinkedIn Learning | C8: Semantic Kernel in Action: Fundamentals | D8: Video course | E8: Skip in favor of the Level Up course | F8: Use if you feel your SK knowledge is uneven | G8: https://www.linkedin.com/learning/semantic-kernel-in-action-fundamentals
A9: High | B9: Udemy | C9: Agentic AI Development with Azure & Semantic Kernel | D9: Course | E9: Best Udemy option if you want another implementation-heavy path focused on Foundry Agent Service and Semantic Kernel | F9: Use as a secondary reinforcement path, not the main plan | G9: https://www.udemy.com/course/agentic-ai-development-with-azure-semantic-kernel/
A10: Medium | B10: Udemy | C10: Azure AI Agent Service (AI Foundry Hub, Agent Framework) | D10: Course | E10: Useful if you want more breadth around Azure AI Agent Service implementation | F10: Use selectively for extra examples | G10: https://www.udemy.com/course/azure-ai-agent-service-ai-foundry-semantic-kernel-sdk/
A11: Medium | B11: Udemy | C11: Develop Single Agent .NET Applications Using Semantic Kernel | D11: Course | E11: Useful if you want stronger .NET and Semantic Kernel depth | F11: Use only if you want deeper coding practice | G11: https://www.udemy.com/course/building-smarter-ai-apps-with-semantic-kernel/
A12: High | B12: Microsoft Docs | C12: Microsoft Foundry documentation | D12: Documentation | E12: Core reference for current platform capabilities, architecture, and governance | F12: Use throughout the whole plan | G12: https://learn.microsoft.com/en-us/azure/foundry/
... A15: High | B15: GitHub (Azure-Samples) | C15: Azure AI Gateway Labs (APIM + ML) | D15: Hands-on lab / Code | E15: Best practical guide on deploying Azure API Management in front of AI models for governance. | F15: Use during Week 6 integration studying. | G15: https://github.com/Azure-Samples/AI-Gateway/tree/main/labs/azure-ml-models

Sheet Recommended Resource Path
A1: Week | B1: What To Use | C1: Provider | D1: Why This Is The Best Fit For You | E1: Exact URL
A2: Week 1 | B2: AB-100 study guide + AB-100T00 intro | C2: Microsoft Learn | D2: Best exam anchor plus architecture context | E2: https://learn.microsoft.com/en-us/credentials/certifications/resources/study-guides/ab-100
A3: Week 1 | B3: Level Up: Implement with impact (Intro & Agents module) | C3: Microsoft Level Up | D3: Directly aligns with your new video access for fast, high-impact learning | E3: https://learn.mslevelup.com/learner_course/show/1945694
A4: Week 2 | B4: Copilot Studio documentation | C4: Microsoft Docs | D4: You need business-agent coverage for AB-100 | E4: https://learn.microsoft.com/en-us/microsoft-copilot-studio/
A5: Week 2 | B5: Level Up: Implement with impact (Orchestration module) | C5: Microsoft Level Up | D5: Directly aligns with your new video access for fast, high-impact learning | E5: https://learn.mslevelup.com/learner_course/show/1945694
A6: Week 3 | B6: Microsoft Foundry documentation | C6: Microsoft Docs | D6: Best source for architecture and service understanding | E6: https://learn.microsoft.com/en-us/azure/foundry/
A7: Week 4 | B7: Applied Skills lab | C7: Microsoft Learn | D7: Best official hands-on lab | E7: https://learn.microsoft.com/en-us/credentials/applied-skills/develop-ai-agents-using-microsoft-azure-openai-and-semantic-kernel/
A8: Week 5 | B8: Orchestrate Agents with Microsoft Foundry Workflows | C8: QA | D8: Best lab for orchestration and MCP | E8: https://platform.qa.com/lab/orchestrate-agents-with-microsoft-foundry-workflows/
A9: Week 6+ | B9: Agentic AI Development with Azure & Semantic Kernel | C9: Udemy | D9: Best optional reinforcement if you want more implementation examples | E9: https://www.udemy.com/course/agentic-ai-development-with-azure-semantic-kernel/

Sheet Architecture Artifacts
A1: Artifact | B1: Purpose | C1: When to Create | D1: Project | E1: Status | F1: Notes
A2: Architecture diagram | B2: Explain end-to-end design | C2: Week 3 onward | D2: All top interview projects | E2: Not Started
A3: ADR pack | B3: Capture major design choices and trade-offs | C3: Week 9 | D3: Capstone | E3: Not Started
A4: Threat model | B4: Show security thinking and risk treatment | C4: Week 7-9 | D4: Secure AI / Capstone | E4: Not Started
A5: Evaluation scorecard | B5: Measure groundedness, latency, safety, and quality | C5: Week 8 | D5: RAG / Multi-agent / Capstone | E5: Not Started
A6: Cost estimate | B6: Show operational awareness and budget discipline | C6: Week 9 | D6: Capstone | E6: Not Started

Sheet Thought Leadership
A1: Topic Type | B1: Draft Topic | C1: Source Project | D1: Priority | E1: Status | F1: Notes
A2: Blog | B2: When to choose Copilot Studio vs custom Azure AI agents | C2: Power Platform and Dynamics Use-Case Mapping | D2: High | E2: Not Started
A3: Blog | B3: Why enterprise agentic AI needs an API mediation layer | C3: AI Agent with Enterprise API Integration | D3: High | E3: Not Started
A4: LinkedIn post | B4: 3 mistakes in most Azure agent architectures | C4: Agentic AI Arch Mistakes | D4: High | E4: Not Started
A5: Diagram post | B5: Enterprise agentic AI reference architecture on Azure | C5: Diag - MS Agentic AI Ref | D5: High | E5: Not Started
A6: Case study | B6: Secure enterprise RAG with Azure AI Search and private access | C6: Enterprise RAG Knowledge Assistant | D6: Medium | E6: Not Started

Sheet AB-100 Q Patterns
A1: Pattern # | B1: Typical Question Pattern | C1: What Microsoft Is Really Testing | D1: How You Should Think | E1: Best Answer Direction | F1: Sheets To Review
A2: 1 | B2: Choose between Copilot Studio, Power Platform, Dynamics, or custom Azure AI approach | C2: Solution selection and business architecture judgment | D2: Start with business process, user type, data sources, and required control level | E2: Pick the platform that best matches process ownership, governance, and extensibility requirements | F2: Business Apps Coverage, AB-100 Domain Map, Decision Matrix
A3: 2 | B3: Design an agentic solution for a complex business workflow | C3: Agent orchestration and architecture decomposition | D3: Separate planner, worker, and validation responsibilities instead of forcing one agent to do everything | E3: Use coordinator + worker agent pattern with tool mediation and telemetry | F3: Project Tracker, Diag - Multi-Agent, Diag - Capstone
A4: 3 | B4: Ground enterprise responses on business documents and internal knowledge | C4: RAG design and secure enterprise data access | D4: Think about indexing, retrieval, grounding, identity, and source control | E4: Use Azure AI Search + embeddings + controlled document access + secure retrieval | F4: Diag - RAG Assistant, Project Tracker, Resource Library
A5: 4 | B5: Connect agents to enterprise systems safely | C5: Integration, governance, auditability, and security | D5: Never let the LLM directly operate critical systems | E5: Use API Management, Functions, policy enforcement, RBAC, and logging | F5: Diag - API Integration, Agentic AI Arch Mistakes
A6: 5 | B6: Secure and govern an enterprise AI platform | C6: Production readiness and security architecture | D6: Consider network isolation, secrets, identity, monitoring, and safety | E6: Use private networking, Key Vault, managed identity, RBAC, telemetry, and safety controls | F6: Diag - Secure AI, Exam Readiness, Resource Library
A7: 6 | B7: Plan AI transformation and justify the business value | C7: Business case framing and ROI alignment | D7: Translate architecture into measurable business outcomes | E7: Show baseline, target KPI, assumptions, ROI, adoption risk, and executive summary | F7: Business Case & ROI, Start Here
A8: 7 | B8: Decide ALM and environment strategy for agentic solutions | C8: Lifecycle management and enterprise deployment discipline | D8: Think dev/test/prod, promotion flow, rollback, and ownership | E8: Recommend environment isolation, release process, and governance model | F8: Project Tracker, 90-Day Study Plan, Execution Board
A9: 8 | B9: Monitor, operate, and improve agents after deployment | C9: Observability and operational model | D9: Architecture does not end at deployment | E9: Include telemetry, cost monitoring, response quality review, support model, and escalation path | F9: Dashboard, Exam Readiness, Agentic AI Arch Mistakes
A10: 9 | B10: Evaluate and improve agent quality after launch | C10: Operational excellence and trustworthy AI | D10: Think quality gates, telemetry, scorecards, and human review | E10: Use evaluation metrics, feedback loops, and governance reviews | F10: Architecture Artifacts, Exam Readiness, Project Tracker

Sheet Agentic AI Arch Mistakes
A1: Mistake # | B1: Common Architecture Mistake | C1: Why It Happens | D1: Why It Is Dangerous | E1: Correct Architecture Pattern | F1: What To Say In Interviews
A2: 1 | B2: Using a single LLM agent for complex enterprise workflows | C2: Most demos show one agent answering questions, so teams copy that design | D2: Single agents become unreliable when tasks require planning, validation, and external tool usage | E2: Use multi-agent orchestration with coordinator + worker agents (planner, researcher, validator) | F2: Explain that complex workflows should be decomposed into multiple agents coordinated by an orchestration layer
A3: 2 | B3: Directly connecting LLMs to enterprise systems | C3: Developers expose APIs directly to the LLM through tools or plugins | D3: This creates security, auditing, and governance risks | E3: Introduce an API mediation layer using API Management, Functions, and policy enforcement | F3: Explain that enterprise agents should interact with systems through a controlled API layer with auditing and RBAC
A4: 3 | B4: Ignoring enterprise governance and observability | C4: Many prototypes focus only on model output quality | D4: Production AI systems require monitoring, identity controls, and cost visibility | E4: Add governance layers: Entra ID, Key Vault, RBAC, telemetry, content safety, and cost monitoring | F4: Explain that enterprise AI platforms must include identity, secrets management, monitoring, and safety controls

Sheet Architecture Diagram Index
A1: Project | B1: Why It Matters | C1: Diagram Sheet | D1: Image File
A2: Enterprise RAG Knowledge Assistant | B2: Shows enterprise grounding, AI Search, document architecture | C2: Diag - RAG Assistant | D2: /mnt/data/ab100_diagrams/rag_architecture.png
A3: Multi-Agent Workflow System | B3: Shows orchestration and collaboration patterns | C3: Diag - Multi-Agent | D3: /mnt/data/ab100_diagrams/multi_agent_architecture.png
A4: AI Agent with Enterprise API Integration | B4: Shows business workflow automation and system integration | C4: Diag - API Integration | D4: /mnt/data/ab100_diagrams/api_integration_architecture.png
A5: Secure Enterprise AI Architecture | B5: Shows enterprise security, private networking, RBAC, observability | C5: Diag - Secure AI | D5: /mnt/data/ab100_diagrams/secure_ai_architecture.png
A6: Full Enterprise Agentic AI Platform (Capstone) | B6: Shows full end-to-end reference architecture | C6: Diag - Capstone | D6: /mnt/data/ab100_diagrams/capstone_architecture.png
A7: Microsoft Agentic AI Platform Reference | B7: End-to-end architecture similar to patterns used in large enterprise AI deployments | C7: Diag - MS Agentic AI Ref | D7: /mnt/data/ab100_diagrams/ms_agentic_ai_reference_architecture.png
A8: Agentic AI Arch Mistakes | B8: Three critical architecture mistakes and the correct design patterns | C8: Agentic AI Arch Mistakes
A9: AB-100 Exam Question Patterns | B9: Scenario-style patterns the exam is likely to test | C9: AB-100 Q Patterns

Sheet Top Interview Projects
A1: Project | B1: Why It Matters | C1: Architecture Skills Demonstrated | D1: What To Show In Interview | E1: Repo Folder Suggestion | F1: Diagram Sheet | G1: Microsoft Audit Note
A2: Enterprise RAG Knowledge Assistant | B2: Shows enterprise data grounding and AI search integration | C2: Vector search, embeddings, grounding, data architecture | D2: Architecture diagram + demo querying enterprise docs | E2: rag-enterprise-assistant | F2: Diag - RAG Assistant | G2: Best for grounded enterprise data story.
A3: Multi-Agent Workflow System | B3: Demonstrates agent orchestration which is core to agentic AI | C3: Planner agent, worker agents, orchestration patterns | D3: Flow diagram showing coordinator and workers | E3: multi-agent-orchestration | F3: Diag - Multi-Agent | G3: Best for orchestration and decomposition story.
A4: AI Agent with Enterprise API Integration | B4: Shows how agents interact with enterprise systems | C4: Tool calling, APIs, functions, automation | D4: Demo where agent triggers business workflow | E4: agent-enterprise-tools | F4: Diag - API Integration | G4: Best for business automation and governance.
A5: Secure Enterprise AI Architecture | B5: Shows enterprise readiness of AI solutions | C5: Private endpoints, Key Vault, RBAC, identity | D5: Security architecture diagram and design rationale | E5: secure-ai-platform | F5: Diag - Secure AI | G5: Best for regulated-enterprise security narrative.
A6: Full Enterprise Agentic AI Platform (Capstone) | B6: End-to-end architecture combining all capabilities | C6: RAG + agents + APIs + security + governance | D6: Full architecture diagram + business case + repo | E6: agentic-ai-platform | F6: Diag - Capstone | G6: Best single diagram to lead with in interviews.

Sheet Start Here
A1: AB-100 Prep Workbook - Start Here
A3: Priority | B3: What to do | C3: Why | D3: Sheet / URL
A4: 1 | B4: Read the AB-100 Domain Map and mark current confidence. | C4: This shows the real gap picture before you study more. | D4: AB-100 Domain Map
A5: 2 | B5: Review Business Apps Coverage. | C5: AB-100 needs more than pure Azure AI build depth. | D5: Business Apps Coverage
A6: 3 | B6: Fill one row in Business Case & ROI. | C6: This adds business architecture and executive framing. | D6: Business Case & ROI
A7: 4 | B7: Start Week 1 in the 90-Day Study Plan. | C7: This gives you the right sequence. | D7: 90-Day Study Plan
A8: 5 | B8: Create or update the GitHub repo. | C8: You need portfolio proof alongside exam prep. | D8: Repo Setup

Sheet Execution Board
A1: Task ID | B1: Area | C1: Task | D1: Priority | E1: Status | F1: Owner | G1: Start Date | H1: Due Date | I1: Dependency | J1: Blocker | K1: Progress % | L1: Last Update | M1: Notes / Daily Log
A2: 1 | B2: Exam Strategy | C2: Read AB-100 study guide and highlight domains | D2: High | E2: Not Started | F2: Upendra | K2: 0
A3: 2 | B3: Exam Strategy | C3: Complete AB-100 Domain Map confidence scores | D3: High | E3: Not Started | F3: Upendra | I3: Task 1 | K3: 0
A4: 3 | B4: Business Architecture | C4: Create first business use case + ROI entry | D4: High | E4: Not Started | F4: Upendra | I4: Task 1 | K4: 0
A5: 4 | B5: Environment Setup | C5: Validate Azure OpenAI and Foundry access | D5: High | E5: Not Started | F5: Upendra | K5: 0
A6: 5 | B6: Portfolio | C6: Create GitHub repo: azure-agentic-ai-architect-labs | D6: High | E6: Not Started | F6: Upendra | K6: 0
A7: 6 | B7: Business Apps | C7: Study Copilot Studio architecture basics | D7: High | E7: Not Started | F7: Upendra | K7: 0
A8: 7 | B8: Agent Development | C8: Build first Semantic Kernel agent | D8: Medium | E8: Not Started | F8: Upendra | I8: Task 4 | K8: 0
A9: 8 | B9: Architecture | C9: Design Enterprise RAG assistant architecture | D9: Medium | E9: Not Started | F9: Upendra | I9: Task 7 | K9: 0
A10: 9 | B10: Architecture | C10: Design multi-agent orchestration workflow | D10: Medium | E10: Not Started | F10: Upendra | I10: Task 7 | K10: 0
A11: 10 | B11: Governance | C11: Create ALM + environment strategy document | D11: Medium | E11: Not Started | F11: Upendra | I11: Task 5 | K11: 0
A12: 11 | B12: Standards | C12: Research MCP and Agent2Agent protocols | D12: Medium | E12: Not Started | F12: Upendra | K12: 0
A13: 12 | B13: Capstone | C13: Design full enterprise agentic AI platform | D13: High | E13: Not Started | F13: Upendra | I13: Task 8,9,10 | K13: 0
A14: 13 | B14: Evaluation | C14: Design evaluation and benchmarking framework | D14: Medium | E14: Not Started | F14: Upendra | I14: Task 8 | K14: 0
A15: 14 | B15: Operations | C15: Define operating model and support responsibilities | D15: Medium | E15: Not Started | F15: Upendra | I15: Task 10 | K15: 0
A16: 15 | B16: Architecture Artifacts | C16: Create ADRs, threat model, and cost estimate | D16: Medium | E16: Not Started | F16: Upendra | I16: Task 12 | K16: 0
A17: 16 | B17: Thought Leadership | C17: Capture blog/post/diagram ideas from the labs | D17: Low | E17: Not Started | F17: Upendra | I17: Task 12 | K17: 0

Sheet Project Tracker
A1: AB-100 + Azure Agentic AI Architecture Tracker (V5)
A2: Restored exam-critical structure while keeping execution and dashboard views.
A4: Project # | B4: Project Name | C4: Interview Priority | D4: Objective | E4: Key Azure Services | F4: Skills Practiced | G4: Recommended Week | H4: Lab Steps (High Level) | I4: Status | J4: Hours Spent | K4: Notes / Learnings | L4: Project Folder / Repo Link | M4: Completion % | N4: Why this matters for AB-100 | O4: Career Value
A5: 1 | B5: Azure OpenAI Playground Exploration | D5: Understand Azure OpenAI deployment and prompt tuning | E5: Azure OpenAI | F5: Prompt engineering, model testing | G5: Week 1 | H5: Deploy Azure OpenAI -> test prompts -> compare responses | I5: Not Started | M5: =IF(I5="Completed",100%,IF(I5="In Progress",50%,IF(I5="Blocked",10%,0%))) | N5: Supports deploy basics, but low direct exam coverage by itself. | O5: Portfolio support
A6: 2 | B6: Build First AI Agent with Semantic Kernel | D6: Create a basic AI agent that can call tools | E6: Azure OpenAI, Semantic Kernel | F6: Agent orchestration, tool calling | G6: Week 2 | H6: Create SK project -> connect Azure OpenAI -> add plugin/tool -> run agent | I6: Not Started | M6: =IF(I6="Completed",100%,IF(I6="In Progress",50%,IF(I6="Blocked",10%,0%))) | N6: Useful for deploy/design coverage and agent orchestration understanding. | O6: Interview + portfolio
A7: 3 | B7: Enterprise RAG Knowledge Assistant | C7: Top Interview Project | D7: Build a document-grounded AI assistant | E7: Azure AI Search, Azure OpenAI, Storage | F7: Embeddings, vector search, RAG architecture | G7: Week 3 | H7: Upload docs -> generate embeddings -> vector search -> grounded answers | I7: Not Started | M7: =IF(I7="Completed",100%,IF(I7="In Progress",50%,IF(I7="Blocked",10%,0%))) | N7: Useful for design/deploy trade-offs, grounding, enterprise data access, and architecture judgment. | O7: High interview value
A8: 4 | B8: Multi-Agent Workflow System | C8: Top Interview Project | D8: Create coordinator + worker agents | E8: Azure OpenAI, Semantic Kernel | F8: Multi-agent orchestration | G8: Week 5 | H8: Create planner -> research -> summarizer -> orchestrate | I8: Not Started | M8: =IF(I8="Completed",100%,IF(I8="In Progress",50%,IF(I8="Blocked",10%,0%))) | N8: Directly useful because AB-100 expects agentic-first and multi-agent solution understanding. | O8: High interview value
A9: 5 | B9: AI Agent with Enterprise API Integration | C9: Top Interview Project | D9: Agent performs real-world tasks using APIs | E9: Azure Functions, API Management, Azure OpenAI | F9: Tool integration, API orchestration | G9: Week 6 | H9: Create API -> connect agent -> allow operations | I9: Not Started | M9: =IF(I9="Completed",100%,IF(I9="In Progress",50%,IF(I9="Blocked",10%,0%))) | N9: Useful for integration patterns and business-process automation scenarios. | O9: High interview value
A10: 6 | B10: Secure Enterprise AI Architecture | C10: Top Interview Project | D10: Deploy AI solution with enterprise security | E10: Private Endpoints, Key Vault, Managed Identity | F10: Security architecture | G10: Week 7 | H10: Enable private networking -> Key Vault -> RBAC | I10: Not Started | M10: =IF(I10="Completed",100%,IF(I10="In Progress",50%,IF(I10="Blocked",10%,0%))) | N10: Useful for deploy/governance/security/telemetry design. | O10: High interview value
A11: 7 | B11: Responsible AI Monitoring System | D11: Implement safety, filtering and monitoring | E11: Content Safety, Log Analytics | F11: Responsible AI governance | G11: Week 8 | H11: Enable safety filters -> monitor logs -> evaluate responses | I11: Not Started | M11: =IF(I11="Completed",100%,IF(I11="In Progress",50%,IF(I11="Blocked",10%,0%))) | N11: Useful for responsible AI, telemetry, governance, and production readiness. | O11: Interview + exam
A12: 8 | B12: Full Enterprise Agentic AI Platform (Capstone) | C12: Top Interview Project | D12: Design complete agentic architecture suitable for enterprise | E12: Foundry, Azure OpenAI, AI Search, Functions | F12: End-to-end architecture design | G12: Week 9 | H12: Combine RAG + agents + APIs + governance -> create architecture diagram | I12: Not Started | M12: =IF(I12="Completed",100%,IF(I12="In Progress",50%,IF(I12="Blocked",10%,0%))) | N12: Strong synthesis across plan, design, and deploy when paired with business case and governance. | O12: Highest value
A13: 9 | B13: Copilot Studio Business Agent | D13: Create a business-process agent using Copilot Studio concepts | E13: Copilot Studio, Power Platform | F13: Business process automation, agent planning | G13: Week 2 | H13: Map use case -> define actions -> design integration points | I13: Not Started | M13: =IF(I13="Completed",100%,IF(I13="In Progress",50%,IF(I13="Blocked",10%,0%))) | N13: Adds direct AB-100 business-app and Copilot Studio coverage. | O13: Exam + interview
A14: 10 | B14: Power Platform and Dynamics Use-Case Mapping | D14: Map when to use business apps vs custom Azure AI | E14: Power Platform, Dynamics 365 | F14: Solution selection, architecture trade-offs | G14: Week 3 | H14: Select 3 scenarios -> map platform choices -> capture trade-offs | I14: Not Started | M14: =IF(I14="Completed",100%,IF(I14="In Progress",50%,IF(I14="Blocked",10%,0%))) | N14: Adds plan/design decision coverage central to AB-100. | O14: Exam-heavy
A15: 11 | B15: MCP and A2A Architecture Notes | D15: Study open standards and interoperability patterns | E15: MCP, A2A | F15: Open standards, interoperability | G15: Week 5 | H15: Review docs -> capture reference architecture and implications | I15: Not Started | M15: =IF(I15="Completed",100%,IF(I15="In Progress",50%,IF(I15="Blocked",10%,0%))) | N15: Covers MCP and Agent2Agent areas called out in the role profile. | O15: Exam + thought leadership
A16: 12 | B16: ALM and Environment Strategy Pack | D16: Design dev/test/prod and release strategy | E16: GitHub/Azure DevOps, Power Platform ALM concepts | F16: ALM, release strategy, environment isolation | G16: Week 6 | H16: Define environments -> promotion flow -> rollback -> access model | I16: Not Started | M16: =IF(I16="Completed",100%,IF(I16="In Progress",50%,IF(I16="Blocked",10%,0%))) | N16: Covers ALM and environment strategy gaps. | O16: High interview value
A17: 13 | B17: Business Case and ROI Model for Agentic AI | D17: Create KPI, ROI, adoption, and risk model | E17: Excel/Architecture artifacts | F17: Value framing, KPI design, executive storytelling | G17: Week 1 | H17: Define baseline -> target KPIs -> assumptions -> ROI summary | I17: Not Started | M17: =IF(I17="Completed",100%,IF(I17="In Progress",50%,IF(I17="Blocked",10%,0%))) | N17: Direct AB-100 planning coverage around measurable business outcomes. | O17: Executive + exam
A18: 14 | B18: Agent Evaluation and Benchmarking Framework | C18: Top Interview Project | D18: Design evaluation flow for accuracy, groundedness, latency, and safety | E18: Foundry evaluations, test datasets, prompt flow | F18: Evaluation, quality gates, benchmarking | G18: Week 8 | H18: Define eval metrics -> sample prompts -> compare outputs -> score results | I18: Not Started | L18: =IF(I18="Completed",100%,IF(I18="In Progress",50%,IF(I18="Blocked",10%,0%))) | M18: =IF(I18="Completed",100%,IF(I18="In Progress",50%,IF(I18="Blocked",10%,0%))) | N18: Improves truthfulness and production readiness. Useful for responsible AI and operational excellence. | O18: High interview value
A19: 15 | B19: Operating Model and Support Model | D19: Define support, incident, ownership, and review model for agents | E19: Architecture/process artifact | F19: Operating model, adoption, service ownership | G19: Week 8 | H19: Define L1/L2 ownership -> incident flow -> change review -> KPI review cadence | I19: Not Started | L19: =IF(I19="Completed",100%,IF(I19="In Progress",50%,IF(I19="Blocked",10%,0%))) | M19: =IF(I19="Completed",100%,IF(I19="In Progress",50%,IF(I19="Blocked",10%,0%))) | N19: Supports deploy-domain readiness, adoption, and long-term operations. | O19: Executive + exam
A20: 16 | B20: Architecture Artifacts Pack | C20: Top Interview Project | D20: Create ADRs, threat model, cost estimate, and deployment decisions | E20: Architecture artifacts | F20: Decision records, threat modeling, cost awareness | G20: Week 9 | H20: Prepare ADRs -> threat model -> cost assumptions -> deployment checklist | I20: Not Started | L20: =IF(I20="Completed",100%,IF(I20="In Progress",50%,IF(I20="Blocked",10%,0%))) | M20: =IF(I20="Completed",100%,IF(I20="In Progress",50%,IF(I20="Blocked",10%,0%))) | N20: Very strong for interviews because it proves architecture discipline beyond code and diagrams. | O20: Highest value
A21: 17 | B21: Thought Leadership Topics Backlog | D21: Convert learning into publishable insights and diagrams | E21: Portfolio/LinkedIn/GitHub | F21: Communication, technical storytelling | G21: Week 10 | H21: List blog ideas -> post ideas -> diagram ideas -> repo notes | I21: Not Started | L21: =IF(I21="Completed",100%,IF(I21="In Progress",50%,IF(I21="Blocked",10%,0%))) | M21: =IF(I21="Completed",100%,IF(I21="In Progress",50%,IF(I21="Blocked",10%,0%))) | N21: High career value. Helps turn certification work into visible authority. | O21: Career value

Sheet Resource Library
A1: Category | B1: Resource Name | C1: Why It Matters | D1: Priority | E1: Actual URL | F1: Suggested Use | G1: Notes
A2: Official | B2: AB-100 certification page | C2: Primary anchor for exam details and role profile | D2: High | E2: https://learn.microsoft.com/en-us/credentials/certifications/agentic-ai-business-solutions-architect/ | F2: Check first for role scope and prerequisites
A3: Official | B3: AB-100 official study guide | C3: Best source for exact exam scope and coverage | D3: High | E3: https://learn.microsoft.com/en-us/credentials/certifications/resources/study-guides/ab-100 | F3: Read fully in Week 1 and revisit weekly | G3: May require Microsoft Learn sign-in
A4: Official | B4: AB-100T00 course | C4: Official architecture-focused training course | D4: High | E4: https://learn.microsoft.com/en-us/training/courses/ab-100t00 | F4: Use as structured architecture context | G4: Useful architecture context, but the certification page still says no official training is available for the exam itself.
A5: Hands-on Lab | B5: Applied Skills: Develop generative AI apps with Azure OpenAI and Semantic Kernel | C5: Best official practical lab for Azure agent-building | D5: High | E5: https://learn.microsoft.com/en-us/credentials/applied-skills/develop-ai-agents-using-microsoft-azure-openai-and-semantic-kernel/ | F5: Complete by Week 4 or 5 | G5: Useful accelerator, not a full exam proxy
A6: Official Docs | B6: Microsoft Foundry documentation | C6: Core platform docs for AI apps, models, and agents | D6: High | E6: https://learn.microsoft.com/en-us/azure/foundry/ | F6: Use during all build weeks | G6: Current docs use the name Microsoft Foundry and describe it as an AI app and agent factory.
A7: Official Docs | B7: Copilot Studio documentation | C7: Critical for business-agent scenarios and AB-100 breadth | D7: High | E7: https://learn.microsoft.com/en-us/microsoft-copilot-studio/ | F7: Use in Week 2 and Week 3
A8: Official Docs | B8: Power Platform documentation | C8: Needed for business-app trade-off decisions | D8: Medium | E8: https://learn.microsoft.com/en-us/power-platform/ | F8: Use in Week 3
A9: Official Docs | B9: Dynamics 365 documentation | C9: Needed for business-process architecture awareness | D9: Medium | E9: https://learn.microsoft.com/en-us/dynamics365/ | F9: Use in Week 3
A10: Official Docs | B10: Semantic Kernel GitHub | C10: Main SDK repo for samples and patterns | D10: High | E10: https://github.com/microsoft/semantic-kernel | F10: Use for samples and implementation patterns
A11: Official Docs | B11: Semantic Kernel detailed samples | C11: Advanced scenarios beyond basic Learn modules | D11: High | E11: https://learn.microsoft.com/en-us/semantic-kernel/get-started/detailed-samples | F11: Use from Week 3 onward
A12: Your Existing Course | B12: Level Up: Implement with impact: Azure AI Foundry + Agents | C12: Strong video accelerator that matches your learning style | D12: High | E12: https://learn.mslevelup.com/learner_course/show/1945694 | F12: Use as your main video course
A13: Official Docs | B13: Model Context Protocol documentation | C13: Relevant for interoperability concepts called out in the AB-100 role profile | D13: Medium | E13: https://modelcontextprotocol.io/docs/getting-started/intro | F13: Use in Week 5 | G13: Open standard, not Microsoft-specific
A14: Official Docs | B14: Agent2Agent (A2A) project | C14: Relevant for interoperability concepts called out in the AB-100 role profile | D14: Medium | E14: https://github.com/a2aproject/A2A | F14: Use in Week 5 | G14: Open protocol project under the Linux Foundation, originally contributed by Google
A15: Meta | B15: Labs + Videos by Access sheet | C15: Tailored to your learning style and subscriptions | D15: High | F15: Use as your main resource-selection sheet | G15: Added in V12
A16: Official Partner | B16: Microsoft Partner Skilling Hub | C16: Exclusive access to Microsoft Partner training, certifications, and resources | D16: High | E16: https://skilling-hub.com/en-US | F16: Use to find specialized partner-only learning paths for Azure and AI | G16: Requires Microsoft Partner Network login
A17: Hands-on Lab | B17: Azure AI Gateway Labs (GitHub) | C17: Crucial for learning how to deploy APIM as an API Mediation Layer in front of Azure AI / ML models. | D17: High | E17: https://github.com/Azure-Samples/AI-Gateway/tree/main/labs/azure-ml-models | F17: Complete in Week 6 to understand zero-trust AI tooling. | G17: Official Azure Samples Repo
A18: Official Azure Ref Arch | B18: Azure OpenAI Landing Zone | C18: The defining enterprise architecture for deploying secure, VNET-managed OpenAI models. | D18: High | E18: https://github.com/Azure/azure-openai-landing-zone | F18: Study in Week 1 for enterprise framework basics | G18: GitHub Microsoft Official
A19: Official Azure Ref Arch | B19: Azure Search OpenAI Demo (Enterprise RAG) | C19: The industry-standard RAG accelerator used in thousands of enterprise production systems. | D19: High | E19: https://github.com/Azure-Samples/azure-search-openai-demo | F19: Week 3 core grounding study | G19: GitHub Microsoft Official
A20: Official Azure Ref Arch | B20: Semantic Kernel Multi-Agents | C20: The definitive code examples for replacing monolithic prompts with coordinator/worker orchestration. | D20: High | E20: https://github.com/microsoft/skmultiagents | F20: Week 4 orchestration study | G20: GitHub Microsoft Official
A21: Official Azure Ref Arch | B21: Multi-Agent Doc Research (SK + AutoGen) | C21: Showcases how to merge Semantic Kernel and AutoGen into a deep-research magnetic pattern. | D21: Medium | E21: https://github.com/Azure/multi-agent-doc-research | F21: Week 4 advanced orchestration study | G21: GitHub Microsoft Official

Sheet 90-Day Study Plan
A1: Week | B1: Focus | C1: Primary Outcome | D1: Videos / Courses | E1: Labs / Hands-on | F1: Docs / Reading | G1: Deliverable | H1: Status | I1: Hours Target | J1: Actual Hours | K1: Readiness Score (1-5) | L1: Why this matters for AB-100 | M1: Career Value
A2: Week 1 | B2: Exam map + business outcomes + Foundry basics | C2: Understand exam scope, business-planning lens, and Microsoft Foundry landscape | D2: AB-100 study guide; AB-100T00 overview; Level Up intro modules | E2: Set up Azure subscription, Foundry access, and create first ROI use case | F2: AB-100 certification page; Foundry docs | G2: Study notes + 1 ROI use case + environment ready | H2: Not Started | I2: 8 | L2: Starts with plan-domain coverage, not just technical setup. | M2: Exam-heavy + practical
A3: Week 2 | B3: Copilot Studio + business apps + first agent | C3: Understand where Copilot Studio / Power Platform fit and build first working agent | D3: Copilot Studio docs; Level Up agent modules | E3: Create simple SK agent and map one business scenario to Copilot Studio vs custom Azure AI | F3: Copilot Studio docs; Power Platform docs; SK quick start | G3: Scenario decision matrix + first agent demo | H3: Not Started | I3: 8 | L3: Adds missing business-app architecture coverage. | M3: High interview value
A4: Week 3 | B4: RAG design + Dynamics / Power Platform trade-offs | C4: Build grounded assistant and compare platform choices | D4: Level Up RAG content | E4: Create embeddings + search flow and document 3 use-case trade-offs | F4: Foundry docs; Dynamics docs; Power Platform docs | G4: Enterprise RAG v1 + trade-off notes | H4: Not Started | I4: 10 | L4: Combines design-depth with business-solution selection. | M4: High interview value
A5: Week 4 | B5: Applied Skills prep | C5: Get comfortable with Microsoft’s practical lab flow | D5: Applied Skills overview; optional Udemy reinforcement | E5: Run core Applied Skills lab end to end | F5: APL-2005 study guide; Learn path for AI agents with Semantic Kernel SDK | G5: Lab notes + gaps list | H5: Not Started | I5: 8 | L5: Practical accelerator, not full exam proxy. | M5: Build credibility
A6: Week 5 | B6: Multi-agent + MCP + A2A | C6: Design coordinator + worker patterns and understand interoperability | D6: Level Up orchestration modules | E6: Build a multi-agent workflow and write MCP/A2A notes | F6: Semantic Kernel samples; MCP/A2A references | G6: Multi-agent demo + standards note | H6: Not Started | I6: 10 | L6: Covers multi-agent and interoperability concepts. | M6: Thought leadership + exam
A7: Week 6 | B7: Enterprise integration + ALM + environment strategy | C7: Connect agents to tools and define dev/test/prod strategy | D7: Level Up integration content | E7: Integrate API/function tool and create environment promotion plan | F7: Foundry docs + your architecture standards | G7: Integration demo + ALM strategy pack | H7: Not Started | I7: 8 | L7: Directly fills ALM/environment gaps. | M7: High interview value
A8: Week 7 | B8: Security, governance, telemetry | C8: Make the solution enterprise-safe and measurable | D8: Rewatch core architecture modules | E8: Add Key Vault, MI, RBAC, monitoring, safety controls | F8: Foundry docs; Azure security docs | G8: Secure architecture pack + telemetry notes | H8: Not Started | I8: 8 | L8: Supports deploy-domain and governance coverage. | M8: Interview + exam
A9: Week 8 | B9: Responsible AI + adoption + support model | C9: Add operational readiness, evaluation, and change lens | D9: Official guidance as needed | E9: Define support, monitoring, escalation, adoption risks, and evaluation scorecard | F9: Certification page + governance docs | G9: Operating model note + risk log + evaluation scorecard | H9: Not Started | I9: 8 | L9: AB-100 expects production and business readiness, not only model output. | M9: Executive + exam
A10: Week 9 | B10: Capstone architecture | C10: Bring the whole platform together | D10: Minimal video. Mostly build and review. | E10: Combine RAG + agents + tools + security + ROI + ALM + ADRs into one capstone | F10: AB-100 study guide revisit | G10: Capstone repo structure + architecture diagram + business case + ADR pack | H10: Not Started | I10: 10 | L10: Synthesizes all 3 exam domains. | M10: Highest value
A11: Week 10 | B11: Revision and exam booking decision | C11: Close gaps and prepare to book exam | D11: Review weak areas only | E11: Refactor top labs and revisit domain gaps | F11: AB-100 study guide; AB-100T00 summaries | G11: Go/No-Go decision + final notes + content backlog | H11: Not Started | I11: 6 | L11: Forces explicit gap closure before booking. | M11: Exam readiness

Sheet AB-100 Domain Map
A1: Domain | B1: Subtopic | C1: Current Confidence (1-5) | D1: Evidence / Resource | E1: Mapped Workbook Item | F1: Last Reviewed | G1: Gap Status | H1: Notes
A2: Plan AI-powered business solutions | B2: Use-case selection and prioritization | D2: AB-100 study guide | E2: Business Case & ROI | G2: Open | H2: Start with business objectives, process pain, measurable KPIs
A3: Plan AI-powered business solutions | B3: ROI, KPI, and success metrics | D3: AB-100 study guide | E3: Business Case & ROI | G3: Open | H3: Add baseline vs target assumptions
A4: Plan AI-powered business solutions | B4: Platform choice: Copilot Studio vs custom Azure AI | D4: AB-100 study guide | E4: Business Apps Coverage | G4: Open | H4: Capture trade-offs and decision criteria
A5: Design AI-powered business solutions | B5: Agentic-first and multi-agent architecture | D5: Certification page + Level Up | E5: Project Tracker items 4 and 8 | G5: Open | H5: Document coordinator, worker, and tool roles
A6: Design AI-powered business solutions | B6: Business apps integration | D6: Certification page | E6: Business Apps Coverage | G6: Open | H6: Need dedicated Microsoft business app coverage
A7: Design AI-powered business solutions | B7: MCP and Agent2Agent patterns | D7: Certification page | E7: Business Apps Coverage / Project Tracker item 11 | G7: Open | H7: Summarize standards and when they matter
A8: Design AI-powered business solutions | B8: Security, governance, responsible AI | D8: Foundry docs + workbook | E8: Project Tracker items 6 and 7 | G8: In Progress | H8: Good current coverage, needs AB-100 framing
A9: Deploy AI-powered business solutions | B9: ALM and environment strategy | D9: Certification page | E9: Project Tracker item 12 | G9: Open | H9: Dev/test/prod, release, rollback, isolation
A10: Deploy AI-powered business solutions | B10: Telemetry, monitoring, adoption, support model | D10: Certification page | E10: Week 8 plan | G10: Open | H10: Need operating model and service ownership notes

Sheet Business Apps Coverage
A1: Area | B1: Why AB-100 Cares | C1: What You Should Learn | D1: Recommended Resource | E1: Actual URL | F1: Status | G1: Evidence Output
A2: Copilot Studio | B2: The certification expects business-solution architecture across Microsoft AI business tooling. | C2: Understand agent creation model, actions, orchestration, business process scenarios, and governance basics. | D2: Microsoft Copilot Studio documentation | E2: https://learn.microsoft.com/en-us/microsoft-copilot-studio/ | F2: Not Started | G2: One-page notes + scenario map
A3: Power Platform | B3: Needed for solution-selection trade-offs in business-led automation. | C3: Know where Power Platform fits vs custom Azure AI build. | D3: Power Platform documentation | E3: https://learn.microsoft.com/en-us/power-platform/ | F3: Not Started | G3: Decision matrix
A4: Dynamics 365 | B4: AB-100 audience profile expects awareness of business-app landscape. | C4: Understand common business processes and where agentic solutions attach. | D4: Dynamics 365 documentation | E4: https://learn.microsoft.com/en-us/dynamics365/ | F4: Not Started | G4: Three business process examples
A5: Foundry tools/models | B5: Core exam platform layer for agentic solutions. | C5: Know projects, models, agent tooling, safety, evaluation, and deployment basics. | D5: Microsoft Foundry documentation | E5: https://learn.microsoft.com/en-us/azure/foundry/ | F5: In Progress | G5: Updated architecture notes
A6: MCP | B6: Open protocol awareness is relevant for agent interoperability. | C6: Understand purpose, role, and integration considerations. | D6: Model Context Protocol site | E6: https://modelcontextprotocol.io/ | F6: Not Started | G6: Reference architecture note
A7: Agent2Agent (A2A) | B7: Useful for multi-agent interoperability discussions. | C7: Understand what A2A enables and when it matters. | D7: Google A2A GitHub | E7: https://github.com/google/A2A | F7: Not Started | G7: Summary note + trade-offs

Sheet Business Case & ROI
A1: Business Case and ROI Tracker
A3: Use Case | B3: Business Problem | C3: Baseline Metric | D3: Target Metric | E3: Assumption | F3: Annual Benefit | G3: Estimated Cost | H3: Net Benefit | I3: ROI % | J3: Adoption Risk | K3: Executive Summary
A4: Customer support knowledge agent | B4: Agents spend too much time searching fragmented documents | C4: 1200 | D4: 800 | E4: Minutes saved per month | F4: =MAX(0,(C4-D4))*12 | G4: 25000 | H4: =F4-G4 | I4: =IF(G4=0,0,H4/G4) | J4: Medium | K4: Reduce search time, improve response consistency, and shorten handling time.

Sheet Exam Readiness
A1: AB-100 Exam Readiness Dashboard
A3: Measure | B3: Value | C3: Target
A4: Task completion | B4: =Dashboard!B8 | C4: >= 70%
A5: Weeks completed | B5: =Dashboard!B9 | C5: >= 8
A6: Average readiness score | B6: =Dashboard!B10 | C6: >= 3.5
A7: Total actual hours | B7: =Dashboard!B11 | C7: >= 70
A8: Open domain gaps | B8: =Dashboard!B12 | C8: <= 2
A9: Exam booking recommendation | B9: =Dashboard!B13 | C9: Ready to book
A11: Audit note | B11: Thresholds tuned for practical execution, not perfection.

Sheet Repo Setup
A1: Item | B1: Recommendation | C1: Actual Value / URL
A2: Primary GitHub repo name | B2: Use one main portfolio repo for all AB-100 labs | C2: azure-agentic-ai-architect-labs
A3: Secondary repo name | B3: Only add later if you want a separate architecture-only repo | C3: azure-ai-architecture-patterns
A4: GitHub description | B4: Paste this in repo description | C4: Hands-on labs and architecture patterns for building enterprise Agentic AI solutions on Azure using Microsoft Foundry, Azure OpenAI, Semantic Kernel, RAG, and secure enterprise design.
A5: Suggested topics/tags | B5: Add these GitHub topics | C5: azure-ai, azure-openai, semantic-kernel, agentic-ai, rag, ai-architecture, azure-ai-foundry, enterprise-ai

Sheet Week 1 Action Plan
A1: Task # | B1: Task | C1: Output | D1: Resource | E1: Actual URL | F1: Status | G1: Owner | H1: Done Date | I1: Notes
A2: 1 | B2: Read AB-100 certification page and study guide fully | C2: Annotated notes on exam scope | D2: AB-100 study guide | E2: https://learn.microsoft.com/en-us/credentials/certifications/resources/study-guides/ab-100 | F2: Not Started | G2: Upendra
A3: 2 | B3: Set confidence scores in AB-100 Domain Map | C3: Confidence-filled domain map | D3: AB-100 Domain Map sheet | F3: Not Started | G3: Upendra
A4: 3 | B4: Create one business case in ROI sheet | C4: One completed use-case row | D4: Business Case & ROI sheet | F4: Not Started | G4: Upendra
A5: 4 | B5: Create GitHub repo: azure-agentic-ai-architect-labs | C5: Live repo with folders | D5: Repo Setup sheet | F5: Not Started | G5: Upendra
A6: 5 | B6: Provision or validate Azure OpenAI / Foundry access | C6: Working environment | D6: Microsoft Foundry docs | E6: https://learn.microsoft.com/en-us/azure/foundry/ | F6: Not Started | G6: Upendra
A7: 6 | B7: Watch Level Up course intro + first modules | C7: Video notes | D7: Level Up course | E7: https://learn.mslevelup.com/learner_course/show/1945694 | F7: Not Started | G7: Upendra
A8: 7 | B8: Review Copilot Studio overview | C8: 1-page summary: when to use Copilot Studio vs custom Azure AI | D8: Copilot Studio docs | E8: https://learn.microsoft.com/en-us/microsoft-copilot-studio/ | F8: Not Started | G8: Upendra

Sheet Decision Matrix
A1: Decision | B1: Recommended Answer | C1: Reason
A2: Main GitHub repo name | B2: azure-agentic-ai-architect-labs | C2: Best balance of clarity, Azure relevance, and architect-level signaling
A3: Secondary repo needed? | B3: No, not now | C3: One strong repo is better than many half-built repos
A4: Main exam prep focus | B4: AB-100 domain coverage + business-solution architecture | C4: This is the real gap to close
A5: Main practical focus | B5: Agentic AI capstone with business case + ALM + security | C5: This gives both exam and career value
A6: Should you over-index on Applied Skills? | B6: No | C6: Useful practical lab, but not a proxy for the full AB-100
A7: Should you study Copilot Studio? | B7: Yes | C7: Current AB-100 role profile expects it
A8: Should you include MCP and A2A? | B8: Yes | C8: They matter for modern agent interoperability discussions

Sheet V5 Notes
A1: Workbook Audit Corrections Applied
A3: 1. Restored AB-100 Domain Map.
A4: 2. Restored Business Apps Coverage.
A5: 3. Restored Business Case & ROI.
A6: 4. Restored Start Here, Week 1 Action Plan, and Decision Matrix.
A7: 5. Fixed Exam Readiness logic to use Dashboard metrics instead of broken Project Tracker references.
A8: 6. Kept Dashboard and Execution Board so the workbook still works as an execution system.

Sheet Diag - RAG Assistant
A1: Enterprise RAG Knowledge Assistant
A2: Interview Architecture Diagram
A4: How to present this in interview
A5: • Use this to explain enterprise grounding, AI Search, and secure document access.
A6: • Show how the agent uses Azure OpenAI + Azure AI Search + enterprise docs.
A7: • Talk through identity, policy, and data access control.

Sheet Diag - Multi-Agent
A1: Multi-Agent Workflow System
A2: Interview Architecture Diagram
A4: How to present this in interview
A5: • Use this to explain coordination vs worker agents.
A6: • Show clear division of responsibilities between agents and tools.
A7: • Explain when multi-agent is justified and when it is overkill.

Sheet Diag - API Integration
A1: AI Agent with Enterprise API Integration
A2: Interview Architecture Diagram
A4: How to present this in interview
A5: • Use this to explain function calling and enterprise workflow automation.
A6: • Show API Management / middleware / audit path.
A7: • Good interview story for operational business impact.

Sheet Diag - Secure AI
A1: Secure Enterprise AI Architecture
A2: Interview Architecture Diagram
A4: How to present this in interview
A5: • Use this to explain private networking, identity, secrets, and monitoring.
A6: • Show why secure design matters for regulated workloads.
A7: • Good for architecture and governance interviews.

Sheet Diag - Capstone
A1: Full Enterprise Agentic AI Platform (Capstone)
A2: Interview Architecture Diagram
A4: How to present this in interview
A5: • Use this as your end-to-end reference architecture.
A6: • It combines RAG, agents, business-app integration, security, and observability.
A7: • This is the strongest interview diagram in the workbook.

Sheet Diag - MS Agentic AI Ref
A1: Microsoft Agentic AI Platform Reference
A3: How to explain this architecture in interviews:
A4: • Experience layer handles user interaction.
A5: • Agent orchestration layer coordinates tasks.
A6: • AI services provide reasoning and retrieval.
A7: • Enterprise integration connects business systems.
A8: • Governance layer ensures security and monitoring.
